Operation,Time_Classic,Time_Unified,Time_NoPrefetch
readDataFromFile,46.40015,30.400214285714284,30.31151
allocateInputData,0.7305052,0.0628823333333333,0.0635695
allocateOutputData,2.854019,0.0311033809523809,0.030881
kernelSubmission,0.7500658,0.0323036333333333,0.0146049
kernelExecution,0.7512235,1.124077761904762,0.3610357
writeDataToFile,90.8695,90.82083333333333,90.94313
freeInputData,0.0700832,0.3161445238095238,0.1538729999999999
freeOutputData,0.133413,0.2984418095238095,0.1299674
