Operation,Time_Classic,Time_Unified
readDataFromFile,39.29165,30.279290000000003
allocateInputData,0.8162483999999999,0.0640364
allocateOutputData,2.838871,0.0321936
kernelSubmissionMean,1.304596,0.07023529
kernelExecutionMean,1.30595,1.853703
writeDataToFile,79.37029,78.66837000000001
freeInputData,0.0643662,0.3310239
freeOutputData,0.1184547,0.1320151
