Operation,Time_Classic,Time_Unified,Time_NoPrefetch
readDataFromFile,36.40485,25.940480952380952,25.875850000000003
allocateInputData,0.216996,2.7537866666666666,2.762008
allocateOutputData,2.25036,0.4978465238095238,0.4984033
kernelSubmission,7.169713,0.2253325047619047,0.05223059
kernelExecution,7.170692,42.56132380952381,59.46361
writeDataToFile,73.24280999999999,73.19247619047619,72.24123
freeInputData,2.606495,2.1469714285714283,2.010967
freeOutputData,0.5574136000000001,0.4868927619047619,0.4914942
