Operation,Time_Classic,Time_Unified,Time_NoPrefetch
readDataFromFile,32.85816,25.84533,25.50532
allocateInputData,0.2045221,2.715023,2.760321
allocateOutputData,2.225171,0.4908004,0.4971696
kernelSubmission,0.7028198,0.4013829,0.01415751
kernelExecution,0.7034344,2.643901,0.5124093000000001
writeDataToFile,75.07791999999999,68.24275,66.51818
freeInputData,2.582434,1.855083,2.070388
freeOutputData,0.5644057,0.4814141,0.4934923999999999
