Operation,Time_Classic,Time_Unified,Time_NoPrefetch
readDataFromFile,35.25062,27.06817,28.0956
allocateInputData,0.1619157,0.0371692,0.0364703
allocateOutputData,2.531867,0.0390051,0.0381979
kernelSubmission,3.76695,3.967483,0.0636423399999999
kernelExecution,3.767427,10.708006,3.502905
writeDataToFile,514.7792999999999,356.166,366.7444
freeInputData,1.377481,0.5983850000000001,1.121029
freeOutputData,0.5878913,0.1641005999999999,0.1814507
