Operation,Time_Classic,Time_Unified,Time_NoPrefetch
readDataFromFile,38.15721,28.669690000000003,27.71552
allocateInputData,0.1692324,0.044394,0.048382
allocateOutputData,1.627115,0.0398593,0.0386235999999999
kernelSubmission,2.779235,5.986806,0.05288551
kernelExecution,2.779839,13.0119,2.512583
writeDataToFile,363.3334,341.46860000000004,396.024
freeInputData,1.285117,0.6017039000000001,1.187569
freeOutputData,0.5579278999999999,0.1839831999999999,0.1867655
