Operation,Time_Classic,Time_Unified,Time_NoPrefetch
readDataFromFile,38.65756,29.9403,30.00065
allocateInputData,0.7101693,0.0611948999999999,0.057542
allocateOutputData,2.943832,0.0323438,0.0311724
kernelSubmission,0.7488045999999999,0.06887777,0.02182505
kernelExecution,0.7499406000000001,1.950601,0.3745129
writeDataToFile,99.94692,89.89433,89.32684
freeInputData,0.0609945999999999,0.3376036,0.1403558
freeOutputData,0.112146,0.1333255,0.1241541999999999
