Operation,Time
readDataFromFile,0.24036201423870876
allocateInputData,0.007071522878575891
allocateOutputData,0.06938863550883369
kernelSubmission,0.010580598155744024
kernelExecution,0.010555026682423266
writeDataToFile,41.47698997114744
freeInputData,0.21605805664219052
freeOutputData,0.03477600157260434
