Operation,Time_Classic,Time_Unified,Time_NoPrefetch
readDataFromFile,37.05863,28.273950000000003,26.8756
allocateInputData,0.2509066,3.095435,3.148912
allocateOutputData,2.456374,0.5479241,0.5601493
kernelSubmission,0.588893,0.475892,0.01186537
kernelExecution,0.5893154,2.513246,0.2730484
writeDataToFile,341.1488,316.9497,314.76030000000003
freeInputData,2.068668,3.079292,1.946037
freeOutputData,0.4565966,0.7571603,0.6429356
