Operation,Time
readDataFromFile,0.329047176793172
allocateInputData,0.008140107353919448
allocateOutputData,0.2376866571419888
SubmissionCopyToDevice,0.00024776052479942947
ExecutionCopyToDevice,0.008771459088816285
SubmissionMakeClusters,0.0006186393133320901
ExecutionMakeClusters,0.023845181438232384
SubmissionCopyToHost,0.018361087254481046
ExecutionCopyToHost,0.01837727302826933
writeDataToFile,0.45800757987419766
freeInputData,0.22340002404505999
freeOutputData,0.06074563252933405
