Operation,Time
allocateInputData,0.018043841085287393
readDataFromFile,0.48200649430848574
allocateOutputData,0.012025109915875583
SubmissionCopyToDevice,0.015241534690881147
ExecutionCopyToDevice,0.21989600766675552
SubmissionMakeClusters,0.0011934775506895806
ExecutionMakeClusters,0.014448590681370206
SubmissionCopyToHost,0.006174642551093769
ExecutionCopyToHost,0.006755877899232145
writeDataToFile,0.3137486093815987
freeInputData,0.32002625885316915
freeOutputData,0.025947193027591842
