Operation,Time
readDataFromFile,0.23548901389803029
allocateInputData,0.01883690727180723
allocateOutputData,0.24237427611260862
kernelSubmission,0.0037083607115094216
kernelExecution,0.003716089103105867
writeDataToFile,0.8883631904926116
freeInputData,0.020064430564503386
freeOutputData,0.06004031685311313
