Operation,Time
readDataFromFile,0.3728316265793116
allocateInputData,0.016026183424494918
allocateOutputData,0.24539705596576897
SubmissionCopyToDevice,0.00031965020096800975
ExecutionCopyToDevice,0.0003138322665940434
SubmissionMakeClusters,0.0004978801757897619
ExecutionMakeClusters,0.0013009603461374931
SubmissionCopyToHost,0.0022806958611597344
ExecutionCopyToHost,0.002260426498596128
writeDataToFile,1.5071576043813235
freeInputData,0.018433421192075135
freeOutputData,0.05546926354908436
