Operation,Time
allocateInputData,0.001955435796838024
readDataFromFile,0.35659114402912545
allocateOutputData,0.0031588357366458776
kernelSubmission,0.0015436966571620652
kernelExecution,0.012456437157817876
writeDataToFile,1.6431376792249872
freeInputData,0.04024519996789126
freeOutputData,0.006428521223595846
