Operation,Time
allocateInputData,0.0019144897898802076
readDataFromFile,1.6074554947701245
allocateOutputData,0.00399370536525223
SubmissionCopyToDevice,0.0003871847651100618
ExecutionCopyToDevice,0.0004693720964106084
SubmissionMakeClusters,0.0015618648894475129
ExecutionMakeClusters,0.008630124307074435
SubmissionCopyToHost,0.06573953141510652
ExecutionCopyToHost,0.06579878530489755
writeDataToFile,0.5973102980119379
freeInputData,0.05955320731506495
freeOutputData,0.0029812761790138777
