Operation,Time
readDataFromFile,0.15596152801964366
allocateInputData,0.009764605510038136
allocateOutputData,0.2830148092807552
SubmissionCopyToDevice,0.0007176342068026951
ExecutionCopyToDevice,0.014049655743113423
SubmissionMakeClusters,0.0002215469553942113
ExecutionMakeClusters,0.008597983898049078
SubmissionCopyToHost,0.011962907615718759
ExecutionCopyToHost,0.011968401011274105
writeDataToFile,1.304159125473404
freeInputData,0.0073772548071005944
freeOutputData,0.06011541273445051
