Operation,Time
readDataFromFile,0.534929987215359
allocateInputData,0.018662935936710968
allocateOutputData,0.17829354209031542
kernelSubmission,0.017266590862124363
kernelExecution,0.017242473527117053
writeDataToFile,2.5721942815857095
freeInputData,0.0038898872077335225
freeOutputData,0.009418545322925402
