Operation,Time_Classic,Time_Unified,Time_NoPrefetch
readDataFromFile,52.52112999999999,29.63582,30.05138
allocateInputData,0.8242160000000001,0.0597332,0.0568107
allocateOutputData,2.490872,0.0316629,0.0315815
kernelSubmission,1.309696,0.07271328,0.02203227
kernelExecution,1.311064,1.805191,0.3736375
writeDataToFile,89.7365,80.04449,80.94533
freeInputData,0.0655114,0.3893935,0.1421741
freeOutputData,0.11237,0.1311053999999999,0.1259767
