Operation,Time
allocateInputData,0.0013281062582991378
readDataFromFile,0.11319516872297253
allocateOutputData,0.0018381241797006018
kernelSubmission,0.006642734831386174
kernelExecution,0.007950692943245755
writeDataToFile,0.34763712897854254
freeInputData,0.006532590288528574
freeOutputData,0.004523981016022651
