Operation,Time
allocateInputData,0.0020829295608722712
readDataFromFile,0.19011174170296077
allocateOutputData,0.001245004868352819
SubmissionCopyToDevice,0.006376347467747068
ExecutionCopyToDevice,0.006390561981512703
SubmissionMakeClusters,0.0007079359572415821
ExecutionMakeClusters,0.016285377217341666
SubmissionCopyToHost,0.011148797555989834
ExecutionCopyToHost,0.011158017181978763
writeDataToFile,0.34877921080375185
freeInputData,0.012817695214905915
freeOutputData,0.0026565458797301253
