Operation,Time
readDataFromFile,0.7437998446416136
allocateInputData,0.004869969359930991
allocateOutputData,0.06700124340471436
kernelSubmission,0.4984647645588067
kernelExecution,0.4984849226740297
writeDataToFile,13.086145685418595
freeInputData,0.03524146415170005
freeOutputData,0.016082615783993476
