Operation,Time
readDataFromFile,0.29938444051456986
allocateInputData,0.007280205952520233
allocateOutputData,0.06003297417068196
SubmissionCopyToDevice,0.0006073451412170842
ExecutionCopyToDevice,0.0011208746367110942
SubmissionMakeClusters,0.002697048345568417
ExecutionMakeClusters,0.027805419056164054
SubmissionCopyToHost,0.004162049575229331
ExecutionCopyToHost,0.004194297034201455
writeDataToFile,69.44570674074978
freeInputData,0.06244162593085557
freeOutputData,0.018693057888187023
