Operation,Time
allocateInputData,0.002110123958970708
readDataFromFile,0.4261822640868841
allocateOutputData,0.0037503333911059755
kernelSubmission,0.0019453698112869647
kernelExecution,0.02661879296453716
writeDataToFile,22.801529306410814
freeInputData,0.04566769596163616
freeOutputData,0.037628245254064135
