Operation,Time
allocateInputData,0.0010813882846703203
readDataFromFile,0.3906953322816464
allocateOutputData,0.003040178615001281
SubmissionCopyToDevice,0.03084961371359092
ExecutionCopyToDevice,0.030627473723222214
SubmissionMakeClusters,0.0014869308622124948
ExecutionMakeClusters,0.17652371917740184
SubmissionCopyToHost,0.18393845775149897
ExecutionCopyToHost,0.18385908366342832
writeDataToFile,11.610299573128062
freeInputData,0.04941996059803279
freeOutputData,0.011321304650475976
