Operation,Time
allocateInputData,0.003713920691129524
readDataFromFile,0.458076274701544
allocateOutputData,0.0045646434885736435
kernelSubmission,0.0009777613638079364
kernelExecution,0.025181195894291207
writeDataToFile,10.131850727066373
freeInputData,0.05404111443048607
freeOutputData,0.022977743855256506
