Operation,Time
allocateInputData,0.0014862797553324562
readDataFromFile,1.073066297009545
allocateOutputData,0.0034610494891963994
kernelSubmission,0.7742196107830847
kernelExecution,0.6324030568210961
writeDataToFile,8.89830485042578
freeInputData,0.04965125020256571
freeOutputData,0.007951721214093623
