Operation,Time_Classic,Time_Unified,Time_NoPrefetch
readDataFromFile,112.0972,102.03803,101.12218
allocateInputData,1.241722,0.5896559,0.587493
allocateOutputData,3.445315,0.0960805,0.0923458
kernelSubmission,0.223836,0.1303395399999999,0.03031756
kernelExecution,0.2253759,1.4311381,0.1592514
writeDataToFile,91.84196,90.59468,93.55687
freeInputData,0.2203746999999999,0.7391543,0.9014238
freeOutputData,0.4907308999999999,0.6475121,0.7753901
