Operation,Time
allocateInputData,0.020413175422859732
readDataFromFile,1.395906744736193
allocateOutputData,0.004418226813754334
SubmissionCopyToDevice,0.016015891195202206
ExecutionCopyToDevice,0.01622328659503233
SubmissionMakeClusters,0.01617473004666023
ExecutionMakeClusters,0.5788215308343612
SubmissionCopyToHost,0.004525937108611996
ExecutionCopyToHost,0.004492955493510557
writeDataToFile,1.3801955608616565
freeInputData,0.3467580452396807
freeOutputData,0.26663464997057923
