Operation,Time
readDataFromFile,1.3222758001516433
allocateInputData,0.02581983365554474
allocateOutputData,0.0329934159930264
SubmissionCopyToDevice,0.0005409355198953426
ExecutionCopyToDevice,0.0005714838526930502
SubmissionMakeClusters,0.00182934554830713
ExecutionMakeClusters,0.0005003391738500015
SubmissionCopyToHost,0.002373310039679688
ExecutionCopyToHost,0.0024175545610297063
writeDataToFile,13.511412836726015
freeInputData,0.0056843509900232
freeOutputData,0.004990612503045658
