Operation,Time_Classic,Time_Unified,Time_NoPrefetch
readDataFromFile,46.60281,27.7036,27.82398
allocateInputData,1.3219530000000002,0.0824581,0.0939333
allocateOutputData,3.448214,0.067799,0.064596
kernelSubmission,0.3294303,0.0559617,0.0171899
kernelExecution,0.3311379,1.773188,0.0478622
writeDataToFile,347.9666,309.30499999999995,305.8238
freeInputData,0.1386077,0.4116907999999999,0.2473621
freeOutputData,0.3390767,0.1614041,0.1779533999999999
