Operation,Time
allocateInputData,0.0049878661313676464
readDataFromFile,0.3300472457761837
allocateOutputData,0.007637010468035836
kernelSubmission,0.0019207780055661482
kernelExecution,0.24050245925284566
writeDataToFile,7.408397502534227
freeInputData,0.00940299958996537
freeOutputData,0.006835696476747799
