Operation,Time
allocateInputData,0.00349811861974087
readDataFromFile,0.17620621631107797
allocateOutputData,0.00568534800654767
SubmissionCopyToDevice,0.0004980474882534349
ExecutionCopyToDevice,0.0005111579864495035
SubmissionMakeClusters,0.0002520195823520252
ExecutionMakeClusters,0.24250660493914616
SubmissionCopyToHost,0.0013405416857043785
ExecutionCopyToHost,0.0013747984135056817
writeDataToFile,6.637782594946737
freeInputData,0.015795638365982193
freeOutputData,0.003070946833723362
