Operation,Time
readDataFromFile,0.46280581721111264
allocateInputData,0.02005708935929304
allocateOutputData,0.2673578834030853
SubmissionCopyToDevice,0.00010212042921091864
ExecutionCopyToDevice,0.00013243562964700346
SubmissionMakeClusters,0.00035481019793060566
ExecutionMakeClusters,0.0003678042957878495
SubmissionCopyToHost,0.001600296781503002
ExecutionCopyToHost,0.0015946499476548318
writeDataToFile,1.4459901143046148
freeInputData,0.060412181087371224
freeOutputData,0.004786227760750402
