Operation,Time
readDataFromFile,0.13683692808920067
allocateInputData,0.019152158226221447
allocateOutputData,0.26562805877768253
kernelSubmission,0.0018257676285149947
kernelExecution,0.001821794076056773
writeDataToFile,0.8179153838332652
freeInputData,0.04581820900326275
freeOutputData,0.03525207996006918
