Operation,Time_Classic,Time_Unified,Time_NoPrefetch
readDataFromFile,46.34034,36.24065,36.61603
allocateInputData,0.7330825,0.0596871,0.0610805
allocateOutputData,2.738861,0.0491025,0.048111
kernelSubmission,0.4294450999999999,0.06892078,0.0247642699999999
kernelExecution,0.4313069,1.215148,0.1942908
writeDataToFile,81.07898,82.06862,83.08852
freeInputData,0.1303314,0.5125915,0.4862343
freeOutputData,0.3682842,0.1272954,0.1209387
