Operation,Time
allocateInputData,0.0021094691933701646
readDataFromFile,0.42378269601818747
allocateOutputData,0.004244364760741261
kernelSubmission,0.0003011591423151567
kernelExecution,0.0006761181356341132
writeDataToFile,0.5796184085720146
freeInputData,0.0036318181871404847
freeOutputData,0.00420941313011683
