Operation,Time
allocateInputData,0.003467879866239121
readDataFromFile,0.30248386274679306
allocateOutputData,0.005171790174698807
kernelSubmission,0.0010027537559695885
kernelExecution,0.012969826350246782
writeDataToFile,0.6762872003323247
freeInputData,0.005952594975676096
freeOutputData,0.0022244567976124974
