Operation,Time
allocateInputData,0.09557832829674327
readDataFromFile,0.30033466166927986
allocateOutputData,0.0271210493038976
kernelSubmissionMean,0.03334034356301686
kernelExecutionMean,0.30355575727990625
writeDataToFile,1.5506164115172618
freeInputData,0.2974768265185636
freeOutputData,0.01591384099909399
