Operation,Time
allocateInputData,0.0042585635149790975
readDataFromFile,0.11957849119116534
allocateOutputData,0.0027496955306199095
kernelSubmission,0.006619919261852402
kernelExecution,0.07124549365086577
writeDataToFile,1.029656293300506
freeInputData,0.015916212825641363
freeOutputData,0.006180492703300897
