Operation,Time
allocateInputData,0.0022923932666296352
readDataFromFile,0.45427403440361225
allocateOutputData,0.0013796631795075513
kernelSubmission,0.006481508926382634
kernelExecution,0.009343295034408353
writeDataToFile,0.35448820133946185
freeInputData,0.0033747365592656908
freeOutputData,0.004227797556385331
