Operation,Time
allocateInputData,0.001728946230125929
readDataFromFile,0.485229217770095
allocateOutputData,0.004073103479603183
SubmissionCopyToDevice,0.0003471485434539839
ExecutionCopyToDevice,0.0003737785345480514
SubmissionMakeClusters,0.00038323420109495653
ExecutionMakeClusters,0.012346531635780653
SubmissionCopyToHost,0.0008494791933885122
ExecutionCopyToHost,0.0008734359290882289
writeDataToFile,0.4080087477275726
freeInputData,0.00424467127898812
freeOutputData,0.0015831330539997758
