Operation,Time
allocateInputData,0.0028284115290702983
readDataFromFile,1.0761790148999892
allocateOutputData,0.0019671187644200168
kernelSubmission,0.9588620178130138
kernelExecution,0.6438617726051318
writeDataToFile,14.693727990767563
freeInputData,0.05875091375450163
freeOutputData,0.028876976352950966
