Operation,Time
allocateInputData,0.0026495414362153703
readDataFromFile,0.13883981537488896
allocateOutputData,0.0018940114513322716
kernelSubmissionMean,0.007012107665467715
kernelExecutionMean,0.028764009166549295
writeDataToFile,1.0716520828971379
freeInputData,0.011017362937654348
freeOutputData,0.0031958091115987697
