Operation,Time
allocateInputData,0.0026166581337440506
readDataFromFile,0.26632869186610547
allocateOutputData,0.0032451164403008888
SubmissionCopyToDevice,0.014856423417722966
ExecutionCopyToDevice,0.014806574101466607
SubmissionMakeClusters,0.0023204716091777535
ExecutionMakeClusters,0.06345134766977867
SubmissionCopyToHost,0.11492391251026345
ExecutionCopyToHost,0.11526888585197459
writeDataToFile,15.87543904694712
freeInputData,0.027384465193893336
freeOutputData,0.015818434142199772
