Operation,Time
allocateInputData,0.0030535871819513836
readDataFromFile,0.18037377519411665
allocateOutputData,0.0016228975493097376
SubmissionCopyToDevice,0.0006701320683268352
ExecutionCopyToDevice,0.0006810524226029393
SubmissionMakeClusters,0.00028414538551789134
ExecutionMakeClusters,0.022711071211097895
SubmissionCopyToHost,0.00698559058507023
ExecutionCopyToHost,0.006989884030988431
writeDataToFile,1.1386234757616573
freeInputData,0.01767969162124221
freeOutputData,0.004007135740706128
