Operation,Time
allocateInputData,0.005420023727910342
readDataFromFile,0.392793477542588
allocateOutputData,0.0014143739093873168
SubmissionCopyToDevice,0.00037155077550420773
ExecutionCopyToDevice,0.0003916762042810336
SubmissionMakeClusters,0.000284513447446299
ExecutionMakeClusters,0.022930102703651357
SubmissionCopyToHost,0.010363406681417277
ExecutionCopyToHost,0.010370344890868164
writeDataToFile,22.338749536315195
freeInputData,0.046212098747694476
freeOutputData,0.049171582833990604
