Operation,Time
allocateInputData,0.0028877994774953175
readDataFromFile,0.48863304068026825
allocateOutputData,0.001527658993362067
SubmissionCopyToDevice,0.004495087068554834
ExecutionCopyToDevice,0.004654837929437859
SubmissionMakeClusters,0.0011347224964721554
ExecutionMakeClusters,0.051198529709792086
SubmissionCopyToHost,0.05971187896892876
ExecutionCopyToHost,0.05987242548396827
writeDataToFile,1.2464253598903465
freeInputData,0.04140780022545401
freeOutputData,0.009313470381358628
