Operation,Time
readDataFromFile,0.6220099391846129
allocateInputData,0.010782550017917327
allocateOutputData,0.0389268661866212
SubmissionCopyToDevice,0.0008855265818207334
ExecutionCopyToDevice,0.0007542619784339577
SubmissionMakeClusters,0.0023108526705285398
ExecutionMakeClusters,0.018377534594655697
SubmissionCopyToHost,0.003960046879632732
ExecutionCopyToHost,0.003871919271426567
writeDataToFile,0.6186710578148785
freeInputData,0.017800362633322315
freeOutputData,0.003916995318126157
