Operation,Time
readDataFromFile,0.4721601042019546
allocateInputData,0.010305025559297626
allocateOutputData,0.026278470465382946
kernelSubmission,0.011816979309451142
kernelExecution,0.01171836640112976
writeDataToFile,1.014720240591795
freeInputData,0.010909486834351511
freeOutputData,0.004545047572174942
