Operation,Time_Classic,Time_Unified,Time_NoPrefetch
readDataFromFile,47.17392,39.16876,39.84566
allocateInputData,0.269068,0.0372031,0.0383678999999999
allocateOutputData,1.601361,0.0307324,0.0310351999999999
kernelSubmission,20.23529,1.636739,0.03988012
kernelExecution,20.24743,21.82972,20.14761
writeDataToFile,105.1855,102.4788,105.3666
freeInputData,0.4644349,0.627048,1.929487
freeOutputData,0.0337381,0.6764879,0.6520623999999999
